<?xml version="1.0" encoding="UTF-8"?>
<beans xmlns="http://www.springframework.org/schema/beans"
	xmlns:xsi="http://www.w3.org/2001/XMLSchema-instance" xmlns:context="http://www.springframework.org/schema/context"
	xsi:schemaLocation="http://www.springframework.org/schema/beans http://www.springframework.org/schema/beans/spring-beans.xsd
		http://www.springframework.org/schema/context http://www.springframework.org/schema/context/spring-context-4.3.xsd">

	<context:component-scan base-package="stackjava.com.springthymeleaf" />

	<bean id="templateResolver"
		class="org.thymeleaf.templateresolver.ServletContextTemplateResolver">
		<property name="prefix" value="/WEB-INF/templates/" />
		<property name="suffix" value=".html" />
		<property name="templateMode" value="HTML5" />
		<property name="cacheable" value="false" />
	</bean>

	<bean id="templateEngine" class="org.thymeleaf.spring5.SpringTemplateEngine">
		<property name="templateResolver" ref="templateResolver" />
	</bean>

	<bean class="org.thymeleaf.spring5.view.ThymeleafViewResolver">
		<property name="templateEngine" ref="templateEngine" />
	</bean>

</beans>
